Stock,Index Type,Index,priority,symbol,identifier,open,dayHigh,dayLow,lastPrice,previousClose,change,pChange,ffmc,yearHigh,yearLow,totalTradedVolume,stockIndClosePrice,totalTradedValue,lastUpdateTime,nearWKH,nearWKL,perChange365d,date365dAgo,chart365dPath,date30dAgo,perChange30d,chart30dPath,chartTodayPath,series,meta,Market Cap Classification
NIFTY 50,Indices Eligible In Derivatives,NIFTY 50,1,NIFTY 50,NIFTY 50,23700.95,23736.5,23451.7,23486.85,23668.65,-181.8000000000029,-0.77,1051321702.79,26277.35,21281.45,278590831,0,268771487563.63,26-Mar-2025 16:00:00,10.61941177477942,-10.36301567797306,6.74,26-Mar-2024,https://nsearchives.nseindia.com/365d/NIFTY-50.svg,24-Feb-2025,4.14,https://nsearchives.nseindia.com/30d/NIFTY-50.svg,https://nsearchives.nseindia.com/today/NIFTY-50.svg,,,Large Cap
INDUSINDBK,Indices Eligible In Derivatives,NIFTY 50,0,INDUSINDBK,INDUSINDBKEQN,637.4,662.5,637.4,658.3,637.05,21.25,3.34,434244749076.06,1576.35,606.0,23506399,0,15409384800.46,,58.23896977194151,-8.630363036303622,-56.85,26-Mar-2024,https://nsearchives.nseindia.com/365d/INDUSINDBK-EQ.svg,24-Feb-2025,-36.33,https://nsearchives.nseindia.com/30d/INDUSINDBK-EQ.svg,https://nsearchives.nseindia.com/today/INDUSINDBKEQN.svg,EQ,"{'symbol': 'INDUSINDBK', 'companyName': 'IndusInd Bank Limited', 'industry': 'Private Sector Bank', 'activeSeries': ['EQ'], 'debtSeries': [], 'isFNOSec': True, 'isCASec': False, 'isSLBSec': True, 'isDebtSec': False, 'isSuspended': False, 'tempSuspendedSeries': ['IL'], 'isETFSec': False, 'isDelisted': False, 'isin': 'INE095A01012', 'slb_isin': 'INE095A01012', 'listingDate': '1998-01-28', 'isMunicipalBond': False, 'isHybridSymbol': False, 'quotepreopenstatus': {'equityTime': '26-Mar-2025 16:00:00', 'preOpenTime': '26-Mar-2025 09:07:43', 'QuotePreOpenFlag': False}}",Large Cap
TRENT,Indices Eligible In Derivatives,NIFTY 50,0,TRENT,TRENTEQN,5205.0,5410.0,5118.5,5308.0,5185.05,122.95,2.37,1177137042178.75,8345.0,3843.0,1625697,0,8617917338.82,,36.39304973037747,-38.121259432734846,37.1,26-Mar-2024,https://nsearchives.nseindia.com/365d/TRENT-EQ.svg,24-Feb-2025,5.05,https://nsearchives.nseindia.com/30d/TRENT-EQ.svg,https://nsearchives.nseindia.com/today/TRENTEQN.svg,EQ,"{'symbol': 'TRENT', 'companyName': 'Trent Limited', 'industry': 'Speciality Retail', 'activeSeries': ['EQ', 'T0'], 'debtSeries': [], 'isFNOSec': True, 'isCASec': False, 'isSLBSec': True, 'isDebtSec': False, 'isSuspended': False, 'tempSuspendedSeries': ['N1', 'Q2', 'W1', 'Q1', 'IL'], 'isETFSec': False, 'isDelisted': False, 'isin': 'INE849A01020', 'slb_isin': 'INE849A01020', 'listingDate': '2004-06-07', 'isMunicipalBond': False, 'isHybridSymbol': False, 'quotepreopenstatus': {'equityTime': '26-Mar-2025 16:00:00', 'preOpenTime': '26-Mar-2025 09:07:43', 'QuotePreOpenFlag': False}}",Large Cap
HEROMOTOCO,Indices Eligible In Derivatives,NIFTY 50,0,HEROMOTOCO,HEROMOTOCOEQN,3650.0,3669.3,3605.4,3653.0,3627.95,25.05,0.69,472954692896.99,6246.25,3461.6,755658,0,2746975518.18,,41.51691014608765,-5.529235035821587,-21.95,26-Mar-2024,https://nsearchives.nseindia.com/365d/HEROMOTOCO-EQ.svg,24-Feb-2025,-6.15,https://nsearchives.nseindia.com/30d/HEROMOTOCO-EQ.svg,https://nsearchives.nseindia.com/today/HEROMOTOCOEQN.svg,EQ,"{'symbol': 'HEROMOTOCO', 'companyName': 'Hero MotoCorp Limited', 'industry': '2/3 Wheelers', 'activeSeries': ['EQ'], 'debtSeries': [], 'isFNOSec': True, 'isCASec': False, 'isSLBSec': True, 'isDebtSec': False, 'isSuspended': False, 'tempSuspendedSeries': [], 'isETFSec': False, 'isDelisted': False, 'isin': 'INE158A01026', 'slb_isin': 'INE158A01026', 'listingDate': '2003-04-11', 'isMunicipalBond': False, 'isHybridSymbol': False, 'quotepreopenstatus': {'equityTime': '26-Mar-2025 16:00:00', 'preOpenTime': '26-Mar-2025 09:07:43', 'QuotePreOpenFlag': False}}",Large Cap
GRASIM,Indices Eligible In Derivatives,NIFTY 50,0,GRASIM,GRASIMEQN,2582.95,2602.9,2560.0,2585.0,2569.45,15.55,0.61,991283652406.32,2877.75,2171.6,555486,0,1434298181.16,,10.172878116584137,-19.036655000920984,15.25,26-Mar-2024,https://nsearchives.nseindia.com/365d/GRASIM-EQ.svg,24-Feb-2025,7.85,https://nsearchives.nseindia.com/30d/GRASIM-EQ.svg,https://nsearchives.nseindia.com/today/GRASIMEQN.svg,EQ,"{'symbol': 'GRASIM', 'companyName': 'Grasim Industries Limited', 'industry': 'Cement & Cement Products', 'activeSeries': ['EQ'], 'debtSeries': [], 'isFNOSec': True, 'isCASec': False, 'isSLBSec': True, 'isDebtSec': False, 'isSuspended': False, 'tempSuspendedSeries': ['IL'], 'isETFSec': False, 'isDelisted': False, 'isin': 'INE047A01021', 'slb_isin': 'INE047A01021', 'listingDate': '1995-05-10', 'isMunicipalBond': False, 'isHybridSymbol': False, 'quotepreopenstatus': {'equityTime': '26-Mar-2025 16:00:00', 'preOpenTime': '26-Mar-2025 09:07:43', 'QuotePreOpenFlag': False}}",Large Cap
POWERGRID,Indices Eligible In Derivatives,NIFTY 50,0,POWERGRID,POWERGRIDEQN,291.7,296.75,289.55,292.3,291.0,1.3,0.45,1322359677994.19,366.25,247.3,20367015,0,5970794117.4,,20.19112627986348,-18.196522442377677,7.7,26-Mar-2024,https://nsearchives.nseindia.com/365d/POWERGRID-EQ.svg,24-Feb-2025,12.23,https://nsearchives.nseindia.com/30d/POWERGRID-EQ.svg,https://nsearchives.nseindia.com/today/POWERGRIDEQN.svg,EQ,"{'symbol': 'POWERGRID', 'companyName': 'Power Grid Corporation of India Limited', 'industry': 'Power - Transmission', 'activeSeries': ['EQ'], 'debtSeries': [], 'isFNOSec': True, 'isCASec': False, 'isSLBSec': True, 'isDebtSec': True, 'isSuspended': False, 'tempSuspendedSeries': ['IL'], 'isETFSec': False, 'isDelisted': False, 'isin': 'INE752E01010', 'slb_isin': 'INE752E01010', 'listingDate': '2007-10-05', 'isMunicipalBond': False, 'isHybridSymbol': False, 'quotepreopenstatus': {'equityTime': '26-Mar-2025 16:00:00', 'preOpenTime': '26-Mar-2025 09:07:43', 'QuotePreOpenFlag': False}}",Large Cap
M&M,Indices Eligible In Derivatives,NIFTY 50,0,M&M,M&MEQN,2751.3,2795.0,2737.05,2742.05,2736.0,6.05,0.22,2424510335364.74,3270.95,1855.3,3111504,0,8585541872.16,,16.16961433222763,-47.79550477011806,47.12,26-Mar-2024,https://nsearchives.nseindia.com/365d/M&M-EQ.svg,24-Feb-2025,1.22,https://nsearchives.nseindia.com/30d/M&M-EQ.svg,https://nsearchives.nseindia.com/today/M&MEQN.svg,EQ,"{'symbol': 'M&M', 'companyName': 'Mahindra & Mahindra Limited', 'industry': 'Passenger Cars & Utility Vehicles', 'activeSeries': ['EQ'], 'debtSeries': [], 'isFNOSec': True, 'isCASec': False, 'isSLBSec': True, 'isDebtSec': False, 'isSuspended': False, 'tempSuspendedSeries': [], 'isETFSec': False, 'isDelisted': False, 'isin': 'INE101A01026', 'slb_isin': 'INE101A01026', 'listingDate': '1996-01-03', 'isMunicipalBond': False, 'isHybridSymbol': False, 'quotepreopenstatus': {'equityTime': '26-Mar-2025 16:00:00', 'preOpenTime': '26-Mar-2025 09:07:43', 'QuotePreOpenFlag': False}}",Large Cap
TITAN,Indices Eligible In Derivatives,NIFTY 50,0,TITAN,TITANEQN,3068.95,3077.75,3034.55,3060.0,3053.7,6.3,0.21,1264385492965.08,3867.0,2985.05,1010449,0,3090316803.64,,20.8688906128782,-2.510845714477138,-17.32,26-Mar-2024,https://nsearchives.nseindia.com/365d/TITAN-EQ.svg,24-Feb-2025,-3.64,https://nsearchives.nseindia.com/30d/TITAN-EQ.svg,https://nsearchives.nseindia.com/today/TITANEQN.svg,EQ,"{'symbol': 'TITAN', 'companyName': 'Titan Company Limited', 'industry': 'Gems Jewellery And Watches', 'activeSeries': ['EQ'], 'debtSeries': [], 'isFNOSec': True, 'isCASec': False, 'isSLBSec': True, 'isDebtSec': False, 'isSuspended': False, 'tempSuspendedSeries': ['N1', 'IL'], 'isETFSec': False, 'isDelisted': False, 'isin': 'INE280A01028', 'slb_isin': 'INE280A01028', 'listingDate': '2004-09-24', 'isMunicipalBond': False, 'isHybridSymbol': False, 'quotepreopenstatus': {'equityTime': '26-Mar-2025 16:00:00', 'preOpenTime': '26-Mar-2025 09:07:43', 'QuotePreOpenFlag': False}}",Large Cap
BHARTIARTL,Indices Eligible In Derivatives,NIFTY 50,0,BHARTIARTL,BHARTIARTLEQN,1739.15,1765.0,1726.15,1733.1,1730.5,2.6,0.15,4647308616791.7,1779.0,1183.1,7142394,0,12443121707.1,,2.5801011804384535,-46.4880398951906,43.31,26-Mar-2024,https://nsearchives.nseindia.com/365d/BHARTIARTL-EQ.svg,24-Feb-2025,8.57,https://nsearchives.nseindia.com/30d/BHARTIARTL-EQ.svg,https://nsearchives.nseindia.com/today/BHARTIARTLEQN.svg,EQ,"{'symbol': 'BHARTIARTL', 'companyName': 'Bharti Airtel Limited', 'industry': 'Telecom - Cellular & Fixed line services', 'activeSeries': ['EQ'], 'debtSeries': [], 'isFNOSec': True, 'isCASec': False, 'isSLBSec': True, 'isDebtSec': False, 'isSuspended': False, 'tempSuspendedSeries': ['IL'], 'isETFSec': False, 'isDelisted': False, 'isin': 'INE397D01024', 'slb_isin': 'INE397D01024', 'listingDate': '2002-02-15', 'isMunicipalBond': False, 'isHybridSymbol': False, 'quotepreopenstatus': {'equityTime': '26-Mar-2025 16:00:00', 'preOpenTime': '26-Mar-2025 09:07:43', 'QuotePreOpenFlag': False}}",Large Cap
BRITANNIA,Indices Eligible In Derivatives,NIFTY 50,0,BRITANNIA,BRITANNIAEQN,4846.9,4876.6,4794.05,4850.0,4845.2,4.8,0.1,570833569952.35,6469.9,4506.0,453242,0,2197530239.74,,25.037481259370313,-7.634265423879272,-2.25,26-Mar-2024,https://nsearchives.nseindia.com/365d/BRITANNIA-EQ.svg,24-Feb-2025,0.94,https://nsearchives.nseindia.com/30d/BRITANNIA-EQ.svg,https://nsearchives.nseindia.com/today/BRITANNIAEQN.svg,EQ,"{'symbol': 'BRITANNIA', 'companyName': 'Britannia Industries Limited', 'industry': 'Packaged Foods', 'activeSeries': ['EQ'], 'debtSeries': [], 'isFNOSec': True, 'isCASec': False, 'isSLBSec': True, 'isDebtSec': False, 'isSuspended': False, 'tempSuspendedSeries': ['N1', 'N2'], 'isETFSec': False, 'isDelisted': False, 'isin': 'INE216A01030', 'slb_isin': 'INE216A01030', 'listingDate': '1998-11-05', 'isMunicipalBond': False, 'isHybridSymbol': False, 'quotepreopenstatus': {'equityTime': '26-Mar-2025 16:00:00', 'preOpenTime': '26-Mar-2025 09:07:43', 'QuotePreOpenFlag': False}}",Large Cap
HCLTECH,Indices Eligible In Derivatives,NIFTY 50,0,HCLTECH,HCLTECHEQN,1624.9,1644.95,1622.0,1625.65,1624.9,0.75,0.05,1718664466129.88,2012.2,1235.0,3096513,0,5061157603.11,,19.210317065898018,-31.63157894736843,4.55,26-Mar-2024,https://nsearchives.nseindia.com/365d/HCLTECH-EQ.svg,24-Feb-2025,-0.65,https://nsearchives.nseindia.com/30d/HCLTECH-EQ.svg,https://nsearchives.nseindia.com/today/HCLTECHEQN.svg,EQ,"{'symbol': 'HCLTECH', 'companyName': 'HCL Technologies Limited', 'industry': 'Computers - Software & Consulting', 'activeSeries': ['EQ'], 'debtSeries': [], 'isFNOSec': True, 'isCASec': False, 'isSLBSec': True, 'isDebtSec': False, 'isSuspended': False, 'tempSuspendedSeries': [], 'isETFSec': False, 'isDelisted': False, 'isin': 'INE860A01027', 'slb_isin': 'INE860A01027', 'listingDate': '2000-01-06', 'isMunicipalBond': False, 'isHybridSymbol': False, 'quotepreopenstatus': {'equityTime': '26-Mar-2025 16:00:00', 'preOpenTime': '26-Mar-2025 09:07:43', 'QuotePreOpenFlag': False}}",Large Cap
ADANIPORTS,Indices Eligible In Derivatives,NIFTY 50,0,ADANIPORTS,ADANIPORTSEQN,1183.0,1202.2,1173.05,1181.0,1182.45,-1.45,-0.12,869344006403.62,1621.4,995.65,1676081,0,1992072550.93,,27.16171210065376,-18.6159795108723,-9.4,26-Mar-2024,https://nsearchives.nseindia.com/365d/ADANIPORTS-EQ.svg,24-Feb-2025,10.39,https://nsearchives.nseindia.com/30d/ADANIPORTS-EQ.svg,https://nsearchives.nseindia.com/today/ADANIPORTSEQN.svg,EQ,"{'symbol': 'ADANIPORTS', 'companyName': 'Adani Ports and Special Economic Zone Limited', 'industry': 'Port & Port services', 'activeSeries': ['EQ'], 'debtSeries': [], 'isFNOSec': True, 'isCASec': False, 'isSLBSec': True, 'isDebtSec': False, 'isSuspended': False, 'tempSuspendedSeries': [], 'isETFSec': False, 'isDelisted': False, 'isin': 'INE742F01042', 'slb_isin': 'INE742F01042', 'listingDate': '2007-11-27', 'isMunicipalBond': False, 'isHybridSymbol': False, 'quotepreopenstatus': {'equityTime': '26-Mar-2025 16:00:00', 'preOpenTime': '26-Mar-2025 09:07:43', 'QuotePreOpenFlag': False}}",Large Cap
ULTRACEMCO,Indices Eligible In Derivatives,NIFTY 50,0,ULTRACEMCO,ULTRACEMCOEQN,11381.0,11487.0,11300.0,11401.0,11421.2,-20.2,-0.18,1325473114362.94,12145.35,9250.0,401569,0,4590262956.58,,6.128682993903019,-23.254054054054055,18.76,26-Mar-2024,https://nsearchives.nseindia.com/365d/ULTRACEMCO-EQ.svg,24-Feb-2025,3.26,https://nsearchives.nseindia.com/30d/ULTRACEMCO-EQ.svg,https://nsearchives.nseindia.com/today/ULTRACEMCOEQN.svg,EQ,"{'symbol': 'ULTRACEMCO', 'companyName': 'UltraTech Cement Limited', 'industry': 'Cement & Cement Products', 'activeSeries': ['EQ'], 'debtSeries': [], 'isFNOSec': True, 'isCASec': False, 'isSLBSec': True, 'isDebtSec': True, 'isSuspended': False, 'tempSuspendedSeries': [], 'isETFSec': False, 'isDelisted': False, 'isin': 'INE481G01011', 'slb_isin': 'INE481G01011', 'listingDate': '2004-08-24', 'isMunicipalBond': False, 'isHybridSymbol': False, 'quotepreopenstatus': {'equityTime': '26-Mar-2025 16:00:00', 'preOpenTime': '26-Mar-2025 09:07:43', 'QuotePreOpenFlag': False}}",Large Cap
BEL,Indices Eligible In Derivatives,NIFTY 50,0,BEL,BELEQN,301.07,305.5,298.49,299.25,300.03,-0.78,-0.26,1068852148391.06,340.5,195.95,23869923,0,7204420159.86,,12.114537444933921,-52.717529982138316,50.22,26-Mar-2024,https://nsearchives.nseindia.com/365d/BEL-EQ.svg,24-Feb-2025,16.85,https://nsearchives.nseindia.com/30d/BEL-EQ.svg,https://nsearchives.nseindia.com/today/BELEQN.svg,EQ,"{'symbol': 'BEL', 'companyName': 'Bharat Electronics Limited', 'industry': 'Aerospace & Defense', 'activeSeries': ['EQ'], 'debtSeries': [], 'isFNOSec': True, 'isCASec': False, 'isSLBSec': True, 'isDebtSec': False, 'isSuspended': False, 'tempSuspendedSeries': [], 'isETFSec': False, 'isDelisted': False, 'isin': 'INE263A01024', 'slb_isin': 'INE263A01024', 'listingDate': '2000-07-19', 'isMunicipalBond': False, 'isHybridSymbol': False, 'quotepreopenstatus': {'equityTime': '26-Mar-2025 16:00:00', 'preOpenTime': '26-Mar-2025 09:07:43', 'QuotePreOpenFlag': False}}",Large Cap
ADANIENT,Indices Eligible In Derivatives,NIFTY 50,0,ADANIENT,ADANIENTEQN,2324.9,2359.85,2308.05,2314.0,2320.35,-6.35,-0.27,575370228942.17,3743.9,2025.0,1078870,0,2516755569.9,,38.19279361094046,-14.271604938271604,-25.64,26-Mar-2024,https://nsearchives.nseindia.com/365d/ADANIENT-EQ.svg,24-Feb-2025,9.34,https://nsearchives.nseindia.com/30d/ADANIENT-EQ.svg,https://nsearchives.nseindia.com/today/ADANIENTEQN.svg,EQ,"{'symbol': 'ADANIENT', 'companyName': 'Adani Enterprises Limited', 'industry': 'Trading - Minerals', 'activeSeries': ['EQ'], 'debtSeries': [], 'isFNOSec': True, 'isCASec': False, 'isSLBSec': True, 'isDebtSec': True, 'isSuspended': False, 'tempSuspendedSeries': [], 'isETFSec': False, 'isDelisted': False, 'isin': 'INE423A01024', 'slb_isin': 'INE423A01024', 'listingDate': '1997-06-04', 'isMunicipalBond': False, 'isHybridSymbol': False, 'quotepreopenstatus': {'equityTime': '26-Mar-2025 16:00:00', 'preOpenTime': '26-Mar-2025 09:07:43', 'QuotePreOpenFlag': False}}",Large Cap
HDFCLIFE,Indices Eligible In Derivatives,NIFTY 50,0,HDFCLIFE,HDFCLIFEEQN,673.1,680.4,664.85,671.15,673.1,-1.95,-0.29,716495242018.49,761.2,511.4,2231203,0,1496646348.34,,11.830005254860755,-31.23777864685178,6.62,26-Mar-2024,https://nsearchives.nseindia.com/365d/HDFCLIFE-EQ.svg,24-Feb-2025,8.33,https://nsearchives.nseindia.com/30d/HDFCLIFE-EQ.svg,https://nsearchives.nseindia.com/today/HDFCLIFEEQN.svg,EQ,"{'symbol': 'HDFCLIFE', 'companyName': 'HDFC Life Insurance Company Limited', 'industry': 'Life Insurance', 'activeSeries': ['EQ'], 'debtSeries': [], 'isFNOSec': True, 'isCASec': False, 'isSLBSec': True, 'isDebtSec': True, 'isSuspended': False, 'tempSuspendedSeries': [], 'isETFSec': False, 'isDelisted': False, 'isin': 'INE795G01014', 'slb_isin': 'INE795G01014', 'listingDate': '2017-11-17', 'isMunicipalBond': False, 'isHybridSymbol': False, 'quotepreopenstatus': {'equityTime': '26-Mar-2025 16:00:00', 'preOpenTime': '26-Mar-2025 09:07:43', 'QuotePreOpenFlag': False}}",Large Cap
HINDALCO,Indices Eligible In Derivatives,NIFTY 50,0,HINDALCO,HINDALCOEQN,695.0,702.4,690.5,691.0,693.45,-2.45,-0.35,1003183255035.81,772.65,545.0,3646226,0,2534601079.38,,10.56752734096939,-26.788990825688074,23.74,26-Mar-2024,https://nsearchives.nseindia.com/365d/HINDALCO-EQ.svg,24-Feb-2025,7.7,https://nsearchives.nseindia.com/30d/HINDALCO-EQ.svg,https://nsearchives.nseindia.com/today/HINDALCOEQN.svg,EQ,"{'symbol': 'HINDALCO', 'companyName': 'Hindalco Industries Limited', 'industry': 'Aluminium', 'activeSeries': ['EQ', 'T0'], 'debtSeries': [], 'isFNOSec': True, 'isCASec': False, 'isSLBSec': True, 'isDebtSec': False, 'isSuspended': False, 'tempSuspendedSeries': ['P1', 'E1', 'E2'], 'isETFSec': False, 'isDelisted': False, 'isin': 'INE038A01020', 'slb_isin': 'INE038A01020', 'listingDate': '1997-01-08', 'isMunicipalBond': False, 'isHybridSymbol': False, 'quotepreopenstatus': {'equityTime': '26-Mar-2025 16:00:00', 'preOpenTime': '26-Mar-2025 09:07:43', 'QuotePreOpenFlag': False}}",Large Cap
TATAMOTORS,Indices Eligible In Derivatives,NIFTY 50,0,TATAMOTORS,TATAMOTORSEQN,710.3,717.85,707.0,707.4,710.3,-2.9,-0.41,1480941665814.47,1179.0,606.3,9363180,0,6660685356.6,,40.0,-16.67491340920337,-28.18,26-Mar-2024,https://nsearchives.nseindia.com/365d/TATAMOTORS-EQ.svg,24-Feb-2025,5.99,https://nsearchives.nseindia.com/30d/TATAMOTORS-EQ.svg,https://nsearchives.nseindia.com/today/TATAMOTORSEQN.svg,EQ,"{'symbol': 'TATAMOTORS', 'companyName': 'Tata Motors Limited', 'industry': 'Passenger Cars & Utility Vehicles', 'activeSeries': ['EQ'], 'debtSeries': [], 'isFNOSec': True, 'isCASec': False, 'isSLBSec': True, 'isDebtSec': False, 'isSuspended': False, 'tempSuspendedSeries': [], 'isETFSec': False, 'isDelisted': False, 'isin': 'INE155A01022', 'slb_isin': 'INE155A01022', 'listingDate': '1998-07-22', 'isMunicipalBond': False, 'isHybridSymbol': False, 'quotepreopenstatus': {'equityTime': '26-Mar-2025 16:00:00', 'preOpenTime': '26-Mar-2025 09:07:43', 'QuotePreOpenFlag': False}}",Large Cap
BAJAJ-AUTO,Indices Eligible In Derivatives,NIFTY 50,0,BAJAJ-AUTO,BAJAJ-AUTOEQN,8014.35,8047.45,7910.0,7969.0,8006.0,-37.0,-0.46,883184910102.79,12774.0,7301.0,391366,0,3124306087.28,,37.61546892124628,-9.149431584714423,-10.98,26-Mar-2024,https://nsearchives.nseindia.com/365d/BAJAJ-AUTO-EQ.svg,24-Feb-2025,-5.56,https://nsearchives.nseindia.com/30d/BAJAJ-AUTO-EQ.svg,https://nsearchives.nseindia.com/today/BAJAJ-AUTOEQN.svg,EQ,"{'symbol': 'BAJAJ-AUTO', 'companyName': 'Bajaj Auto Limited', 'industry': '2/3 Wheelers', 'activeSeries': ['EQ', 'T0'], 'debtSeries': [], 'isFNOSec': True, 'isCASec': False, 'isSLBSec': True, 'isDebtSec': False, 'isSuspended': False, 'tempSuspendedSeries': [], 'isETFSec': False, 'isDelisted': False, 'isin': 'INE917I01010', 'slb_isin': 'INE917I01010', 'listingDate': '2008-05-26', 'isMunicipalBond': False, 'isHybridSymbol': False, 'quotepreopenstatus': {'equityTime': '26-Mar-2025 16:00:00', 'preOpenTime': '26-Mar-2025 09:07:43', 'QuotePreOpenFlag': False}}",Large Cap
BAJAJFINSV,Indices Eligible In Derivatives,NIFTY 50,0,BAJAJFINSV,BAJAJFINSVEQN,1951.0,1978.0,1935.0,1935.0,1945.05,-10.05,-0.52,1056888776471.25,2029.9,1419.05,2779682,0,5432610500.8,,4.67510714813538,-36.358831612698644,21.93,26-Mar-2024,https://nsearchives.nseindia.com/365d/BAJAJFINSV-EQ.svg,24-Feb-2025,4.61,https://nsearchives.nseindia.com/30d/BAJAJFINSV-EQ.svg,https://nsearchives.nseindia.com/today/BAJAJFINSVEQN.svg,EQ,"{'symbol': 'BAJAJFINSV', 'companyName': 'Bajaj Finserv Limited', 'industry': 'Holding Company', 'activeSeries': ['EQ'], 'debtSeries': [], 'isFNOSec': True, 'isCASec': False, 'isSLBSec': True, 'isDebtSec': False, 'isSuspended': False, 'tempSuspendedSeries': [], 'isETFSec': False, 'isDelisted': False, 'isin': 'INE918I01026', 'slb_isin': 'INE918I01026', 'listingDate': '2008-05-26', 'isMunicipalBond': False, 'isHybridSymbol': False, 'quotepreopenstatus': {'equityTime': '26-Mar-2025 16:00:00', 'preOpenTime': '26-Mar-2025 09:07:43', 'QuotePreOpenFlag': False}}",Large Cap
LT,Indices Eligible In Derivatives,NIFTY 50,0,LT,LTEQN,3473.0,3496.8,3418.5,3451.0,3469.6,-18.6,-0.54,4057489123367.61,3963.5,3141.0,2315715,0,8009247684.75,,12.930490727892014,-9.869468322190386,-6.14,26-Mar-2024,https://nsearchives.nseindia.com/365d/LT-EQ.svg,24-Feb-2025,5.74,https://nsearchives.nseindia.com/30d/LT-EQ.svg,https://nsearchives.nseindia.com/today/LTEQN.svg,EQ,"{'symbol': 'LT', 'companyName': 'Larsen & Toubro Limited', 'industry': 'Civil Construction', 'activeSeries': ['EQ'], 'debtSeries': [], 'isFNOSec': True, 'isCASec': False, 'isSLBSec': True, 'isDebtSec': True, 'isSuspended': False, 'tempSuspendedSeries': [], 'isETFSec': False, 'isDelisted': False, 'isin': 'INE018A01030', 'slb_isin': 'INE018A01030', 'listingDate': '2004-06-23', 'isMunicipalBond': False, 'isHybridSymbol': False, 'quotepreopenstatus': {'equityTime': '26-Mar-2025 16:00:00', 'preOpenTime': '26-Mar-2025 09:07:43', 'QuotePreOpenFlag': False}}",Large Cap
ITC,Indices Eligible In Derivatives,NIFTY 50,0,ITC,ITCEQN,410.3,411.2,406.25,407.4,409.8,-2.4,-0.59,3783596642522.9,528.5,391.2,13891436,0,5681875152.72,,22.913907284768214,-4.141104294478525,-4.75,26-Mar-2024,https://nsearchives.nseindia.com/365d/ITC-EQ.svg,24-Feb-2025,1.36,https://nsearchives.nseindia.com/30d/ITC-EQ.svg,https://nsearchives.nseindia.com/today/ITCEQN.svg,EQ,"{'symbol': 'ITC', 'companyName': 'ITC Limited', 'industry': 'Diversified FMCG', 'activeSeries': ['EQ'], 'debtSeries': [], 'isFNOSec': True, 'isCASec': False, 'isSLBSec': True, 'isDebtSec': False, 'isSuspended': False, 'tempSuspendedSeries': [], 'isETFSec': False, 'isDelisted': False, 'isin': 'INE154A01025', 'slb_isin': 'INE154A01025', 'listingDate': '1995-08-23', 'isMunicipalBond': False, 'isHybridSymbol': False, 'quotepreopenstatus': {'equityTime': '26-Mar-2025 16:00:00', 'preOpenTime': '26-Mar-2025 09:07:43', 'QuotePreOpenFlag': False}}",Large Cap
ICICIBANK,Indices Eligible In Derivatives,NIFTY 50,0,ICICIBANK,ICICIBANKEQN,1344.05,1358.0,1331.5,1335.45,1343.7,-8.25,-0.61,9421292184771.26,1373.0,1048.1,10859639,0,14568314314.89,,2.7348871085214825,-27.41627707279841,23.27,26-Mar-2024,https://nsearchives.nseindia.com/365d/ICICIBANK-EQ.svg,24-Feb-2025,9.65,https://nsearchives.nseindia.com/30d/ICICIBANK-EQ.svg,https://nsearchives.nseindia.com/today/ICICIBANKEQN.svg,EQ,"{'symbol': 'ICICIBANK', 'companyName': 'ICICI Bank Limited', 'industry': 'Private Sector Bank', 'activeSeries': ['EQ'], 'debtSeries': [], 'isFNOSec': True, 'isCASec': False, 'isSLBSec': True, 'isDebtSec': True, 'isSuspended': False, 'tempSuspendedSeries': ['E2', 'IL'], 'isETFSec': False, 'isDelisted': False, 'isin': 'INE090A01021', 'slb_isin': 'INE090A01021', 'listingDate': '1997-09-17', 'isMunicipalBond': False, 'isHybridSymbol': False, 'quotepreopenstatus': {'equityTime': '26-Mar-2025 16:00:00', 'preOpenTime': '26-Mar-2025 09:07:43', 'QuotePreOpenFlag': False}}",Large Cap
EICHERMOT,Indices Eligible In Derivatives,NIFTY 50,0,EICHERMOT,EICHERMOTEQN,5433.9,5495.0,5390.0,5398.0,5431.25,-33.25,-0.61,741858732367.8,5575.5,3886.1,384678,0,2092286722.68,,3.1835709801811496,-38.905329250405295,38.15,26-Mar-2024,https://nsearchives.nseindia.com/365d/EICHERMOT-EQ.svg,24-Feb-2025,7.83,https://nsearchives.nseindia.com/30d/EICHERMOT-EQ.svg,https://nsearchives.nseindia.com/today/EICHERMOTEQN.svg,EQ,"{'symbol': 'EICHERMOT', 'companyName': 'Eicher Motors Limited', 'industry': '2/3 Wheelers', 'activeSeries': ['EQ'], 'debtSeries': [], 'isFNOSec': True, 'isCASec': False, 'isSLBSec': True, 'isDebtSec': False, 'isSuspended': False, 'tempSuspendedSeries': [], 'isETFSec': False, 'isDelisted': False, 'isin': 'INE066A01021', 'slb_isin': 'INE066A01021', 'listingDate': '2004-09-07', 'isMunicipalBond': False, 'isHybridSymbol': False, 'quotepreopenstatus': {'equityTime': '26-Mar-2025 16:00:00', 'preOpenTime': '26-Mar-2025 09:07:43', 'QuotePreOpenFlag': False}}",Large Cap
NESTLEIND,Indices Eligible In Derivatives,NIFTY 50,0,NESTLEIND,NESTLEINDEQN,2254.9,2269.85,2240.1,2240.1,2254.85,-14.75,-0.65,801224142223.41,2778.0,2110.0,533469,0,1202119044.6,,19.36285097192225,-6.165876777251181,-13.25,26-Mar-2024,https://nsearchives.nseindia.com/365d/NESTLEIND-EQ.svg,24-Feb-2025,1.04,https://nsearchives.nseindia.com/30d/NESTLEIND-EQ.svg,https://nsearchives.nseindia.com/today/NESTLEINDEQN.svg,EQ,"{'symbol': 'NESTLEIND', 'companyName': 'Nestle India Limited', 'industry': 'Packaged Foods', 'activeSeries': ['EQ', 'T0'], 'debtSeries': [], 'isFNOSec': True, 'isCASec': False, 'isSLBSec': True, 'isDebtSec': False, 'isSuspended': False, 'tempSuspendedSeries': [], 'isETFSec': False, 'isDelisted': False, 'isin': 'INE239A01024', 'slb_isin': 'INE239A01024', 'listingDate': '2023-08-01', 'isMunicipalBond': False, 'isHybridSymbol': False, 'quotepreopenstatus': {'equityTime': '26-Mar-2025 16:00:00', 'preOpenTime': '26-Mar-2025 09:07:43', 'QuotePreOpenFlag': False}}",Large Cap
ASIANPAINT,Indices Eligible In Derivatives,NIFTY 50,0,ASIANPAINT,ASIANPAINTEQN,2340.0,2340.95,2304.0,2315.0,2330.75,-15.75,-0.68,1045658085090.73,3394.9,2124.75,1934492,0,4486222362.44,,31.80947892426876,-8.95399458759854,-17.46,26-Mar-2024,https://nsearchives.nseindia.com/365d/ASIANPAINT-EQ.svg,24-Feb-2025,3.43,https://nsearchives.nseindia.com/30d/ASIANPAINT-EQ.svg,https://nsearchives.nseindia.com/today/ASIANPAINTEQN.svg,EQ,"{'symbol': 'ASIANPAINT', 'companyName': 'Asian Paints Limited', 'industry': 'Paints', 'activeSeries': ['EQ'], 'debtSeries': [], 'isFNOSec': True, 'isCASec': False, 'isSLBSec': True, 'isDebtSec': False, 'isSuspended': False, 'tempSuspendedSeries': [], 'isETFSec': False, 'isDelisted': False, 'isin': 'INE021A01026', 'slb_isin': 'INE021A01026', 'listingDate': '1995-05-31', 'isMunicipalBond': False, 'isHybridSymbol': False, 'quotepreopenstatus': {'equityTime': '26-Mar-2025 16:00:00', 'preOpenTime': '26-Mar-2025 09:07:43', 'QuotePreOpenFlag': False}}",Large Cap
SHRIRAMFIN,Indices Eligible In Derivatives,NIFTY 50,0,SHRIRAMFIN,SHRIRAMFINEQN,678.8,680.9,669.25,673.45,678.35,-4.9,-0.72,940058193935.77,730.45,438.6,4792266,0,3234731627.34,,7.8034088575535625,-53.54537163702691,-71.68,26-Mar-2024,https://nsearchives.nseindia.com/365d/SHRIRAMFIN-EQ.svg,24-Feb-2025,16.42,https://nsearchives.nseindia.com/30d/SHRIRAMFIN-EQ.svg,https://nsearchives.nseindia.com/today/SHRIRAMFINEQN.svg,EQ,"{'symbol': 'SHRIRAMFIN', 'companyName': 'Shriram Finance Limited', 'industry': 'Non Banking Financial Company (NBFC)', 'activeSeries': ['EQ'], 'debtSeries': [], 'isFNOSec': True, 'isCASec': False, 'isSLBSec': True, 'isDebtSec': True, 'isSuspended': False, 'tempSuspendedSeries': ['YC', 'YD', 'YG', 'YH', 'YJ', 'YK', 'YM', 'YN', 'YO', 'YQ', 'YR', 'YT', 'YU', 'YV', 'YX', 'YY', 'Z1', 'Z2', 'Z3', 'Z6', 'Z7', 'ZA', 'ZD', 'ZG', 'ZJ', 'N1', 'N2', 'N3', 'N4', 'N5', 'N6', 'N7', 'N8', 'N9', 'NA', 'NB', 'NC', 'ND', 'NE', 'NF', 'NG', 'NH', 'NI', 'NJ', 'NK', 'NL', 'NM', 'NN', 'NO', 'NP', 'NQ', 'NR', 'NS', 'NT', 'NU', 'NV', 'NW', 'NX', 'NY', 'NZ', 'Y1', 'Y2', 'Y3', 'Y4', 'Y5', 'Y6', 'Y7', 'Y8', 'Y9', 'YA', 'YB'], 'isETFSec': False, 'isDelisted': False, 'isin': 'INE721A01047', 'slb_isin': 'INE721A01047', 'listingDate': '1996-12-11', 'isMunicipalBond': False, 'isHybridSymbol': False, 'quotepreopenstatus': {'equityTime': '26-Mar-2025 16:00:00', 'preOpenTime': '26-Mar-2025 09:07:43', 'QuotePreOpenFlag': False}}",Large Cap
TCS,Indices Eligible In Derivatives,NIFTY 50,0,TCS,TCSEQN,3647.75,3680.5,3625.85,3630.55,3657.75,-27.2,-0.74,3705500520575.58,4592.25,3457.0,1734499,0,6341588518.85,,20.9418041265175,-5.020248770610361,-6.23,26-Mar-2024,https://nsearchives.nseindia.com/365d/TCS-EQ.svg,24-Feb-2025,-1.08,https://nsearchives.nseindia.com/30d/TCS-EQ.svg,https://nsearchives.nseindia.com/today/TCSEQN.svg,EQ,"{'symbol': 'TCS', 'companyName': 'Tata Consultancy Services Limited', 'industry': 'Computers - Software & Consulting', 'activeSeries': ['EQ'], 'debtSeries': [], 'isFNOSec': True, 'isCASec': False, 'isSLBSec': True, 'isDebtSec': False, 'isSuspended': False, 'tempSuspendedSeries': [], 'isETFSec': False, 'isDelisted': False, 'isin': 'INE467B01029', 'slb_isin': 'INE467B01029', 'listingDate': '2004-08-25', 'isMunicipalBond': False, 'isHybridSymbol': False, 'quotepreopenstatus': {'equityTime': '26-Mar-2025 16:00:00', 'preOpenTime': '26-Mar-2025 09:07:43', 'QuotePreOpenFlag': False}}",Large Cap
SBILIFE,Indices Eligible In Derivatives,NIFTY 50,0,SBILIFE,SBILIFEEQN,1564.3,1570.3,1533.45,1545.0,1557.2,-12.2,-0.78,690555156331.14,1936.0,1307.7,1106876,0,1712381447.04,,20.196280991735538,-18.146363844918557,3.69,26-Mar-2024,https://nsearchives.nseindia.com/365d/SBILIFE-EQ.svg,24-Feb-2025,3.69,https://nsearchives.nseindia.com/30d/SBILIFE-EQ.svg,https://nsearchives.nseindia.com/today/SBILIFEEQN.svg,EQ,"{'symbol': 'SBILIFE', 'companyName': 'SBI Life Insurance Company Limited', 'industry': 'Life Insurance', 'activeSeries': ['EQ'], 'debtSeries': [], 'isFNOSec': True, 'isCASec': False, 'isSLBSec': True, 'isDebtSec': False, 'isSuspended': False, 'tempSuspendedSeries': [], 'isETFSec': False, 'isDelisted': False, 'isin': 'INE123W01016', 'slb_isin': 'INE123W01016', 'listingDate': '2017-10-03', 'isMunicipalBond': False, 'isHybridSymbol': False, 'quotepreopenstatus': {'equityTime': '26-Mar-2025 16:00:00', 'preOpenTime': '26-Mar-2025 09:07:43', 'QuotePreOpenFlag': False}}",Large Cap
JSWSTEEL,Indices Eligible In Derivatives,NIFTY 50,0,JSWSTEEL,JSWSTEELEQN,1068.05,1068.05,1052.2,1053.0,1061.7,-8.7,-0.82,1009203250849.36,1074.9,815.4,1254060,0,1326557208.6,,2.037398827797943,-29.139072847682126,28.54,26-Mar-2024,https://nsearchives.nseindia.com/365d/JSWSTEEL-EQ.svg,24-Feb-2025,9.27,https://nsearchives.nseindia.com/30d/JSWSTEEL-EQ.svg,https://nsearchives.nseindia.com/today/JSWSTEELEQN.svg,EQ,"{'symbol': 'JSWSTEEL', 'companyName': 'JSW Steel Limited', 'industry': 'Iron & Steel', 'activeSeries': ['EQ', 'T0'], 'debtSeries': [], 'isFNOSec': True, 'isCASec': False, 'isSLBSec': True, 'isDebtSec': False, 'isSuspended': False, 'tempSuspendedSeries': ['P1', 'P2'], 'isETFSec': False, 'isDelisted': False, 'isin': 'INE019A01038', 'slb_isin': 'INE019A01038', 'listingDate': '2005-03-23', 'isMunicipalBond': False, 'isHybridSymbol': False, 'quotepreopenstatus': {'equityTime': '26-Mar-2025 16:00:00', 'preOpenTime': '26-Mar-2025 09:07:43', 'QuotePreOpenFlag': False}}",Large Cap
SUNPHARMA,Indices Eligible In Derivatives,NIFTY 50,0,SUNPHARMA,SUNPHARMAEQN,1767.95,1770.8,1746.1,1750.05,1764.75,-14.7,-0.83,1886624596246.17,1960.35,1377.2,1762361,0,3095974815.92,,10.72767618027393,-27.073046761545157,10.07,26-Mar-2024,https://nsearchives.nseindia.com/365d/SUNPHARMA-EQ.svg,24-Feb-2025,7.29,https://nsearchives.nseindia.com/30d/SUNPHARMA-EQ.svg,https://nsearchives.nseindia.com/today/SUNPHARMAEQN.svg,EQ,"{'symbol': 'SUNPHARMA', 'companyName': 'Sun Pharmaceutical Industries Limited', 'industry': 'Pharmaceuticals', 'activeSeries': ['EQ'], 'debtSeries': [], 'isFNOSec': True, 'isCASec': False, 'isSLBSec': True, 'isDebtSec': False, 'isSuspended': False, 'tempSuspendedSeries': ['P1'], 'isETFSec': False, 'isDelisted': False, 'isin': 'INE044A01036', 'slb_isin': 'INE044A01036', 'listingDate': '1995-02-08', 'isMunicipalBond': False, 'isHybridSymbol': False, 'quotepreopenstatus': {'equityTime': '26-Mar-2025 16:00:00', 'preOpenTime': '26-Mar-2025 09:07:43', 'QuotePreOpenFlag': False}}",Large Cap
ONGC,Indices Eligible In Derivatives,NIFTY 50,0,ONGC,ONGCEQN,243.35,244.5,239.37,239.9,242.25,-2.35,-0.97,929314379616.4,345.0,215.48,7543985,0,1821872377.5,,30.463768115942027,-11.332838314460748,-9.71,26-Mar-2024,https://nsearchives.nseindia.com/365d/ONGC-EQ.svg,24-Feb-2025,2.29,https://nsearchives.nseindia.com/30d/ONGC-EQ.svg,https://nsearchives.nseindia.com/today/ONGCEQN.svg,EQ,"{'symbol': 'ONGC', 'companyName': 'Oil & Natural Gas Corporation Limited', 'industry': 'Oil Exploration & Production', 'activeSeries': ['EQ', 'T0'], 'debtSeries': [], 'isFNOSec': True, 'isCASec': False, 'isSLBSec': True, 'isDebtSec': False, 'isSuspended': False, 'tempSuspendedSeries': [], 'isETFSec': False, 'isDelisted': False, 'isin': 'INE213A01029', 'slb_isin': 'INE213A01029', 'listingDate': '1995-07-19', 'isMunicipalBond': False, 'isHybridSymbol': False, 'quotepreopenstatus': {'equityTime': '26-Mar-2025 16:00:00', 'preOpenTime': '26-Mar-2025 09:07:43', 'QuotePreOpenFlag': False}}",Large Cap
KOTAKBANK,Indices Eligible In Derivatives,NIFTY 50,0,KOTAKBANK,KOTAKBANKEQN,2175.0,2176.0,2129.9,2148.65,2170.0,-21.35,-0.98,3151096382212.29,2202.5,1543.85,3016916,0,6475176641.64,,2.444948921679905,-39.174790296984824,22.31,26-Mar-2024,https://nsearchives.nseindia.com/365d/KOTAKBANK-EQ.svg,24-Feb-2025,9.09,https://nsearchives.nseindia.com/30d/KOTAKBANK-EQ.svg,https://nsearchives.nseindia.com/today/KOTAKBANKEQN.svg,EQ,"{'symbol': 'KOTAKBANK', 'companyName': 'Kotak Mahindra Bank Limited', 'industry': 'Private Sector Bank', 'activeSeries': ['EQ'], 'debtSeries': [], 'isFNOSec': True, 'isCASec': False, 'isSLBSec': True, 'isDebtSec': False, 'isSuspended': False, 'tempSuspendedSeries': ['IL'], 'isETFSec': False, 'isDelisted': False, 'isin': 'INE237A01028', 'slb_isin': 'INE237A01028', 'listingDate': '1995-12-20', 'isMunicipalBond': False, 'isHybridSymbol': False, 'quotepreopenstatus': {'equityTime': '26-Mar-2025 16:00:00', 'preOpenTime': '26-Mar-2025 09:07:43', 'QuotePreOpenFlag': False}}",Large Cap
HDFCBANK,Indices Eligible In Derivatives,NIFTY 50,0,HDFCBANK,HDFCBANKEQN,1825.0,1827.5,1802.0,1803.0,1821.45,-18.45,-1.01,13700361660556.66,1880.0,1421.25,12239221,0,22203293208.31,,4.095744680851064,-26.860158311345646,26.74,26-Mar-2024,https://nsearchives.nseindia.com/365d/HDFCBANK-EQ.svg,24-Feb-2025,7.72,https://nsearchives.nseindia.com/30d/HDFCBANK-EQ.svg,https://nsearchives.nseindia.com/today/HDFCBANKEQN.svg,EQ,"{'symbol': 'HDFCBANK', 'companyName': 'HDFC Bank Limited', 'industry': 'Private Sector Bank', 'activeSeries': ['EQ'], 'debtSeries': [], 'isFNOSec': True, 'isCASec': False, 'isSLBSec': True, 'isDebtSec': True, 'isSuspended': False, 'tempSuspendedSeries': ['W3', 'IL'], 'isETFSec': False, 'isDelisted': False, 'isin': 'INE040A01034', 'slb_isin': 'INE040A01034', 'listingDate': '1995-11-08', 'isMunicipalBond': False, 'isHybridSymbol': False, 'quotepreopenstatus': {'equityTime': '26-Mar-2025 16:00:00', 'preOpenTime': '26-Mar-2025 09:07:43', 'QuotePreOpenFlag': False}}",Large Cap
MARUTI,Indices Eligible In Derivatives,NIFTY 50,0,MARUTI,MARUTIEQN,11807.0,11868.9,11710.0,11745.0,11868.9,-123.9,-1.04,1543549604112.5,13680.0,10725.0,478517,0,5633891677.05,,14.144736842105264,-9.51048951048951,-4.21,26-Mar-2024,https://nsearchives.nseindia.com/365d/MARUTI-EQ.svg,24-Feb-2025,-4.95,https://nsearchives.nseindia.com/30d/MARUTI-EQ.svg,https://nsearchives.nseindia.com/today/MARUTIEQN.svg,EQ,"{'symbol': 'MARUTI', 'companyName': 'Maruti Suzuki India Limited', 'industry': 'Passenger Cars & Utility Vehicles', 'activeSeries': ['EQ'], 'debtSeries': [], 'isFNOSec': True, 'isCASec': False, 'isSLBSec': True, 'isDebtSec': False, 'isSuspended': False, 'tempSuspendedSeries': ['IL'], 'isETFSec': False, 'isDelisted': False, 'isin': 'INE585B01010', 'slb_isin': 'INE585B01010', 'listingDate': '2003-07-09', 'isMunicipalBond': False, 'isHybridSymbol': False, 'quotepreopenstatus': {'equityTime': '26-Mar-2025 16:00:00', 'preOpenTime': '26-Mar-2025 09:07:43', 'QuotePreOpenFlag': False}}",Large Cap
TATASTEEL,Indices Eligible In Derivatives,NIFTY 50,0,TATASTEEL,TATASTEELEQN,156.2,157.54,155.01,155.07,156.73,-1.66,-1.06,1283274806373.56,184.6,122.62,23182869,0,3626728026.36,,15.996749729144096,-26.463872125265038,2.24,26-Mar-2024,https://nsearchives.nseindia.com/365d/TATASTEEL-EQ.svg,24-Feb-2025,13.19,https://nsearchives.nseindia.com/30d/TATASTEEL-EQ.svg,https://nsearchives.nseindia.com/today/TATASTEELEQN.svg,EQ,"{'symbol': 'TATASTEEL', 'companyName': 'Tata Steel Limited', 'industry': 'Iron & Steel', 'activeSeries': ['EQ'], 'debtSeries': [], 'isFNOSec': True, 'isCASec': False, 'isSLBSec': True, 'isDebtSec': False, 'isSuspended': False, 'tempSuspendedSeries': ['Q1', 'B1', 'E1', 'IL'], 'isETFSec': False, 'isDelisted': False, 'isin': 'INE081A01020', 'slb_isin': 'INE081A01020', 'listingDate': '1998-11-18', 'isMunicipalBond': False, 'isHybridSymbol': False, 'quotepreopenstatus': {'equityTime': '26-Mar-2025 16:00:00', 'preOpenTime': '26-Mar-2025 09:07:43', 'QuotePreOpenFlag': False}}",Large Cap
COALINDIA,Indices Eligible In Derivatives,NIFTY 50,0,COALINDIA,COALINDIAEQN,398.5,402.45,393.15,394.0,398.3,-4.3,-1.08,892485219350.5,543.55,349.25,5025274,0,1997345404.04,,27.513568208996407,-12.813171080887617,-9.44,26-Mar-2024,https://nsearchives.nseindia.com/365d/COALINDIA-EQ.svg,24-Feb-2025,8.22,https://nsearchives.nseindia.com/30d/COALINDIA-EQ.svg,https://nsearchives.nseindia.com/today/COALINDIAEQN.svg,EQ,"{'symbol': 'COALINDIA', 'companyName': 'Coal India Limited', 'industry': 'Coal', 'activeSeries': ['EQ'], 'debtSeries': [], 'isFNOSec': True, 'isCASec': False, 'isSLBSec': True, 'isDebtSec': False, 'isSuspended': False, 'tempSuspendedSeries': [], 'isETFSec': False, 'isDelisted': False, 'isin': 'INE522F01014', 'slb_isin': 'INE522F01014', 'listingDate': '2010-11-04', 'isMunicipalBond': False, 'isHybridSymbol': False, 'quotepreopenstatus': {'equityTime': '26-Mar-2025 16:00:00', 'preOpenTime': '26-Mar-2025 09:07:43', 'QuotePreOpenFlag': False}}",Large Cap
HINDUNILVR,Indices Eligible In Derivatives,NIFTY 50,0,HINDUNILVR,HINDUNILVREQN,2272.0,2279.9,2237.8,2246.3,2271.3,-25.0,-1.1,1991578936217.17,3035.0,2136.0,1416907,0,3200325333.69,,25.986820428336074,-5.16385767790263,0.27,26-Mar-2024,https://nsearchives.nseindia.com/365d/HINDUNILVR-EQ.svg,24-Feb-2025,0.2,https://nsearchives.nseindia.com/30d/HINDUNILVR-EQ.svg,https://nsearchives.nseindia.com/today/HINDUNILVREQN.svg,EQ,"{'symbol': 'HINDUNILVR', 'companyName': 'Hindustan Unilever Limited', 'industry': 'Diversified FMCG', 'activeSeries': ['EQ'], 'debtSeries': [], 'isFNOSec': True, 'isCASec': False, 'isSLBSec': True, 'isDebtSec': False, 'isSuspended': False, 'tempSuspendedSeries': [], 'isETFSec': False, 'isDelisted': False, 'isin': 'INE030A01027', 'slb_isin': 'INE030A01027', 'listingDate': '1995-07-06', 'isMunicipalBond': False, 'isHybridSymbol': False, 'quotepreopenstatus': {'equityTime': '26-Mar-2025 16:00:00', 'preOpenTime': '26-Mar-2025 09:07:43', 'QuotePreOpenFlag': False}}",Large Cap
RELIANCE,Indices Eligible In Derivatives,NIFTY 50,0,RELIANCE,RELIANCEEQN,1291.0,1293.8,1268.75,1270.9,1285.45,-14.55,-1.13,8616361849042.88,1608.8,1156.0,12074747,0,15443963655.41,,21.00323222277473,-9.939446366782015,-55.85,26-Mar-2024,https://nsearchives.nseindia.com/365d/RELIANCE-EQ.svg,24-Feb-2025,4.82,https://nsearchives.nseindia.com/30d/RELIANCE-EQ.svg,https://nsearchives.nseindia.com/today/RELIANCEEQN.svg,EQ,"{'symbol': 'RELIANCE', 'companyName': 'Reliance Industries Limited', 'industry': 'Refineries & Marketing', 'activeSeries': ['EQ'], 'debtSeries': [], 'isFNOSec': True, 'isCASec': False, 'isSLBSec': True, 'isDebtSec': False, 'isSuspended': False, 'tempSuspendedSeries': [], 'isETFSec': False, 'isDelisted': False, 'isin': 'INE002A01018', 'slb_isin': 'INE002A01018', 'listingDate': '1995-11-29', 'isMunicipalBond': False, 'isHybridSymbol': False, 'quotepreopenstatus': {'equityTime': '26-Mar-2025 16:00:00', 'preOpenTime': '26-Mar-2025 09:07:43', 'QuotePreOpenFlag': False}}",Large Cap
SBIN,Indices Eligible In Derivatives,NIFTY 50,0,SBIN,SBINEQN,772.0,776.05,761.45,762.7,772.85,-10.15,-1.31,2931338122360.23,912.0,680.0,7711852,0,5921854032.28,,16.370614035087716,-12.161764705882359,3.24,26-Mar-2024,https://nsearchives.nseindia.com/365d/SBIN-EQ.svg,24-Feb-2025,6.64,https://nsearchives.nseindia.com/30d/SBIN-EQ.svg,https://nsearchives.nseindia.com/today/SBINEQN.svg,EQ,"{'symbol': 'SBIN', 'companyName': 'State Bank of India', 'industry': 'Public Sector Bank', 'activeSeries': ['EQ', 'T0'], 'debtSeries': [], 'isFNOSec': True, 'isCASec': False, 'isSLBSec': True, 'isDebtSec': True, 'isSuspended': False, 'tempSuspendedSeries': ['N3', 'N4', 'N1', 'IL', 'N5', 'N6', 'N2'], 'isETFSec': False, 'isDelisted': False, 'isin': 'INE062A01020', 'slb_isin': 'INE062A01020', 'listingDate': '1995-03-01', 'isMunicipalBond': False, 'isHybridSymbol': False, 'quotepreopenstatus': {'equityTime': '26-Mar-2025 16:00:00', 'preOpenTime': '26-Mar-2025 09:07:43', 'QuotePreOpenFlag': False}}",Large Cap
DRREDDY,Indices Eligible In Derivatives,NIFTY 50,0,DRREDDY,DRREDDYEQN,1177.9,1179.8,1152.65,1161.4,1177.9,-16.5,-1.4,707459925100.42,1421.49,1092.45,2864505,0,3333825499.2,,18.296998220177414,-6.311501670557009,-81.02,26-Mar-2024,https://nsearchives.nseindia.com/365d/DRREDDY-EQ.svg,24-Feb-2025,0.0,https://nsearchives.nseindia.com/30d/DRREDDY-EQ.svg,https://nsearchives.nseindia.com/today/DRREDDYEQN.svg,EQ,"{'symbol': 'DRREDDY', 'companyName': ""Dr. Reddy's Laboratories Limited"", 'industry': 'Pharmaceuticals', 'activeSeries': ['EQ'], 'debtSeries': [], 'isFNOSec': True, 'isCASec': False, 'isSLBSec': True, 'isDebtSec': False, 'isSuspended': False, 'tempSuspendedSeries': ['N1'], 'isETFSec': False, 'isDelisted': False, 'isin': 'INE089A01031', 'slb_isin': 'INE089A01031', 'listingDate': '2003-05-30', 'isMunicipalBond': False, 'isHybridSymbol': False, 'quotepreopenstatus': {'equityTime': '26-Mar-2025 16:00:00', 'preOpenTime': '26-Mar-2025 09:07:43', 'QuotePreOpenFlag': False}}",Large Cap
WIPRO,Indices Eligible In Derivatives,NIFTY 50,0,WIPRO,WIPROEQN,272.0,272.25,266.75,267.2,271.0,-3.8,-1.4,755915257686.54,324.6,208.5,7308412,0,1964939650.32,,17.683302526186086,-28.153477218225415,-44.27,26-Mar-2024,https://nsearchives.nseindia.com/365d/WIPRO-EQ.svg,24-Feb-2025,-9.37,https://nsearchives.nseindia.com/30d/WIPRO-EQ.svg,https://nsearchives.nseindia.com/today/WIPROEQN.svg,EQ,"{'symbol': 'WIPRO', 'companyName': 'Wipro Limited', 'industry': 'Computers - Software & Consulting', 'activeSeries': ['EQ'], 'debtSeries': [], 'isFNOSec': True, 'isCASec': False, 'isSLBSec': True, 'isDebtSec': False, 'isSuspended': False, 'tempSuspendedSeries': [], 'isETFSec': False, 'isDelisted': False, 'isin': 'INE075A01022', 'slb_isin': 'INE075A01022', 'listingDate': '1995-11-08', 'isMunicipalBond': False, 'isHybridSymbol': False, 'quotepreopenstatus': {'equityTime': '26-Mar-2025 16:00:00', 'preOpenTime': '26-Mar-2025 09:07:43', 'QuotePreOpenFlag': False}}",Large Cap
TATACONSUM,Indices Eligible In Derivatives,NIFTY 50,0,TATACONSUM,TATACONSUMEQN,975.0,976.3,956.95,956.95,970.7,-13.75,-1.42,621672538133.35,1250.1,882.9,1399118,0,1347280678.1,,23.450123990080783,-8.387133310680719,-13.74,26-Mar-2024,https://nsearchives.nseindia.com/365d/TATACONSUM-EQ.svg,24-Feb-2025,-4.26,https://nsearchives.nseindia.com/30d/TATACONSUM-EQ.svg,https://nsearchives.nseindia.com/today/TATACONSUMEQN.svg,EQ,"{'symbol': 'TATACONSUM', 'companyName': 'TATA CONSUMER PRODUCTS LIMITED', 'industry': 'Tea & Coffee', 'activeSeries': ['EQ'], 'debtSeries': [], 'isFNOSec': True, 'isCASec': False, 'isSLBSec': True, 'isDebtSec': False, 'isSuspended': False, 'tempSuspendedSeries': [], 'isETFSec': False, 'isDelisted': False, 'isin': 'INE192A01025', 'slb_isin': 'INE192A01025', 'listingDate': '1998-11-18', 'isMunicipalBond': False, 'isHybridSymbol': False, 'quotepreopenstatus': {'equityTime': '26-Mar-2025 16:00:00', 'preOpenTime': '26-Mar-2025 09:07:43', 'QuotePreOpenFlag': False}}",Large Cap
APOLLOHOSP,Indices Eligible In Derivatives,NIFTY 50,0,APOLLOHOSP,APOLLOHOSPEQN,6653.8,6680.0,6491.05,6529.1,6644.7,-115.6,-1.74,660134417217.87,7545.35,5693.2,281646,0,1853058875.94,,13.468560106555692,-14.68242815991008,3.12,26-Mar-2024,https://nsearchives.nseindia.com/365d/APOLLOHOSP-EQ.svg,24-Feb-2025,4.29,https://nsearchives.nseindia.com/30d/APOLLOHOSP-EQ.svg,https://nsearchives.nseindia.com/today/APOLLOHOSPEQN.svg,EQ,"{'symbol': 'APOLLOHOSP', 'companyName': 'Apollo Hospitals Enterprise Limited', 'industry': 'Hospital', 'activeSeries': ['EQ'], 'debtSeries': [], 'isFNOSec': True, 'isCASec': False, 'isSLBSec': True, 'isDebtSec': False, 'isSuspended': False, 'tempSuspendedSeries': [], 'isETFSec': False, 'isDelisted': False, 'isin': 'INE437A01024', 'slb_isin': 'INE437A01024', 'listingDate': '1996-01-10', 'isMunicipalBond': False, 'isHybridSymbol': False, 'quotepreopenstatus': {'equityTime': '26-Mar-2025 16:00:00', 'preOpenTime': '26-Mar-2025 09:07:43', 'QuotePreOpenFlag': False}}",Large Cap
INFY,Indices Eligible In Derivatives,NIFTY 50,0,INFY,INFYEQN,1626.0,1637.75,1595.0,1599.0,1628.45,-29.45,-1.81,5753735210514.35,2006.45,1358.35,6651302,0,10713717722.54,,20.307009893094772,-17.71634703868665,7.16,26-Mar-2024,https://nsearchives.nseindia.com/365d/INFY-EQ.svg,24-Feb-2025,-9.33,https://nsearchives.nseindia.com/30d/INFY-EQ.svg,https://nsearchives.nseindia.com/today/INFYEQN.svg,EQ,"{'symbol': 'INFY', 'companyName': 'Infosys Limited', 'industry': 'Computers - Software & Consulting', 'activeSeries': ['EQ'], 'debtSeries': [], 'isFNOSec': True, 'isCASec': False, 'isSLBSec': True, 'isDebtSec': False, 'isSuspended': False, 'tempSuspendedSeries': [], 'isETFSec': False, 'isDelisted': False, 'isin': 'INE009A01021', 'slb_isin': 'INE009A01021', 'listingDate': '1995-02-08', 'isMunicipalBond': False, 'isHybridSymbol': False, 'quotepreopenstatus': {'equityTime': '26-Mar-2025 16:00:00', 'preOpenTime': '26-Mar-2025 09:07:43', 'QuotePreOpenFlag': False}}",Large Cap
BPCL,Indices Eligible In Derivatives,NIFTY 50,0,BPCL,BPCLEQN,278.0,283.33,272.13,273.5,279.11,-5.61,-2.01,528663477650.03,376.0,234.01,9475308,0,2636409697.92,,27.26063829787234,-16.875347207384305,-54.49,26-Mar-2024,https://nsearchives.nseindia.com/365d/BPCL-EQ.svg,24-Feb-2025,8.77,https://nsearchives.nseindia.com/30d/BPCL-EQ.svg,https://nsearchives.nseindia.com/today/BPCLEQN.svg,EQ,"{'symbol': 'BPCL', 'companyName': 'Bharat Petroleum Corporation Limited', 'industry': 'Refineries & Marketing', 'activeSeries': ['EQ', 'T0'], 'debtSeries': [], 'isFNOSec': True, 'isCASec': False, 'isSLBSec': True, 'isDebtSec': False, 'isSuspended': False, 'tempSuspendedSeries': [], 'isETFSec': False, 'isDelisted': False, 'isin': 'INE029A01011', 'slb_isin': 'INE029A01011', 'listingDate': '1995-09-13', 'isMunicipalBond': False, 'isHybridSymbol': False, 'quotepreopenstatus': {'equityTime': '26-Mar-2025 16:00:00', 'preOpenTime': '26-Mar-2025 09:07:43', 'QuotePreOpenFlag': False}}",Large Cap
BAJFINANCE,Indices Eligible In Derivatives,NIFTY 50,0,BAJFINANCE,BAJFINANCEEQN,9102.05,9126.9,8849.95,8870.0,9067.25,-197.25,-2.18,2483004469021.68,9260.05,6375.7,886211,0,7937348821.5,,4.212180279804097,-39.12197876311621,28.31,26-Mar-2024,https://nsearchives.nseindia.com/365d/BAJFINANCE-EQ.svg,24-Feb-2025,6.12,https://nsearchives.nseindia.com/30d/BAJFINANCE-EQ.svg,https://nsearchives.nseindia.com/today/BAJFINANCEEQN.svg,EQ,"{'symbol': 'BAJFINANCE', 'companyName': 'Bajaj Finance Limited', 'industry': 'Non Banking Financial Company (NBFC)', 'activeSeries': ['EQ'], 'debtSeries': [], 'isFNOSec': True, 'isCASec': False, 'isSLBSec': True, 'isDebtSec': False, 'isSuspended': False, 'tempSuspendedSeries': ['W1', 'N1'], 'isETFSec': False, 'isDelisted': False, 'isin': 'INE296A01024', 'slb_isin': 'INE296A01024', 'listingDate': '2003-04-01', 'isMunicipalBond': False, 'isHybridSymbol': False, 'quotepreopenstatus': {'equityTime': '26-Mar-2025 16:00:00', 'preOpenTime': '26-Mar-2025 09:07:43', 'QuotePreOpenFlag': False}}",Large Cap
AXISBANK,Indices Eligible In Derivatives,NIFTY 50,0,AXISBANK,AXISBANKEQN,1115.0,1118.85,1089.05,1094.0,1118.55,-24.55,-2.19,3118056978085.42,1339.65,933.5,7127060,0,7857227297.0,,18.336879035568995,-17.193358328869845,5.35,26-Mar-2024,https://nsearchives.nseindia.com/365d/AXISBANK-EQ.svg,24-Feb-2025,8.53,https://nsearchives.nseindia.com/30d/AXISBANK-EQ.svg,https://nsearchives.nseindia.com/today/AXISBANKEQN.svg,EQ,"{'symbol': 'AXISBANK', 'companyName': 'Axis Bank Limited', 'industry': 'Private Sector Bank', 'activeSeries': ['EQ'], 'debtSeries': [], 'isFNOSec': True, 'isCASec': False, 'isSLBSec': True, 'isDebtSec': True, 'isSuspended': False, 'tempSuspendedSeries': ['IL'], 'isETFSec': False, 'isDelisted': False, 'isin': 'INE238A01034', 'slb_isin': 'INE238A01034', 'listingDate': '1998-11-16', 'isMunicipalBond': False, 'isHybridSymbol': False, 'quotepreopenstatus': {'equityTime': '26-Mar-2025 16:00:00', 'preOpenTime': '26-Mar-2025 09:07:43', 'QuotePreOpenFlag': False}}",Large Cap
CIPLA,Indices Eligible In Derivatives,NIFTY 50,0,CIPLA,CIPLAEQN,1507.0,1512.35,1472.3,1473.5,1511.2,-37.7,-2.49,808917505917.19,1702.05,1317.25,1375794,0,2048172043.68,,13.427925149084926,-11.86183336496489,0.27,26-Mar-2024,https://nsearchives.nseindia.com/365d/CIPLA-EQ.svg,24-Feb-2025,-0.04,https://nsearchives.nseindia.com/30d/CIPLA-EQ.svg,https://nsearchives.nseindia.com/today/CIPLAEQN.svg,EQ,"{'symbol': 'CIPLA', 'companyName': 'Cipla Limited', 'industry': 'Pharmaceuticals', 'activeSeries': ['EQ', 'T0'], 'debtSeries': [], 'isFNOSec': True, 'isCASec': False, 'isSLBSec': True, 'isDebtSec': False, 'isSuspended': False, 'tempSuspendedSeries': [], 'isETFSec': False, 'isDelisted': False, 'isin': 'INE059A01026', 'slb_isin': 'INE059A01026', 'listingDate': '1995-02-08', 'isMunicipalBond': False, 'isHybridSymbol': False, 'quotepreopenstatus': {'equityTime': '26-Mar-2025 16:00:00', 'preOpenTime': '26-Mar-2025 09:07:43', 'QuotePreOpenFlag': False}}",Large Cap
TECHM,Indices Eligible In Derivatives,NIFTY 50,0,TECHM,TECHMEQN,1464.0,1464.0,1409.5,1410.5,1455.5,-45.0,-3.09,894489330239.03,1807.7,1162.95,2231144,0,3183552439.28,,21.972672456712953,-21.286383765424134,12.91,26-Mar-2024,https://nsearchives.nseindia.com/365d/TECHM-EQ.svg,24-Feb-2025,-12.23,https://nsearchives.nseindia.com/30d/TECHM-EQ.svg,https://nsearchives.nseindia.com/today/TECHMEQN.svg,EQ,"{'symbol': 'TECHM', 'companyName': 'Tech Mahindra Limited', 'industry': 'Computers - Software & Consulting', 'activeSeries': ['EQ'], 'debtSeries': [], 'isFNOSec': True, 'isCASec': False, 'isSLBSec': True, 'isDebtSec': False, 'isSuspended': False, 'tempSuspendedSeries': [], 'isETFSec': False, 'isDelisted': False, 'isin': 'INE669C01036', 'slb_isin': 'INE669C01036', 'listingDate': '2006-08-28', 'isMunicipalBond': False, 'isHybridSymbol': False, 'quotepreopenstatus': {'equityTime': '26-Mar-2025 16:00:00', 'preOpenTime': '26-Mar-2025 09:07:43', 'QuotePreOpenFlag': False}}",Large Cap
NTPC,Indices Eligible In Derivatives,NIFTY 50,0,NTPC,NTPCEQN,366.95,369.0,353.3,354.05,366.95,-12.9,-3.52,1674283937985.28,448.45,292.8,18668095,0,6710806790.6,,21.050284312632396,-20.918715846994534,7.76,26-Mar-2024,https://nsearchives.nseindia.com/365d/NTPC-EQ.svg,24-Feb-2025,10.79,https://nsearchives.nseindia.com/30d/NTPC-EQ.svg,https://nsearchives.nseindia.com/today/NTPCEQN.svg,EQ,"{'symbol': 'NTPC', 'companyName': 'NTPC Limited', 'industry': 'Power Generation', 'activeSeries': ['EQ'], 'debtSeries': [], 'isFNOSec': True, 'isCASec': False, 'isSLBSec': True, 'isDebtSec': True, 'isSuspended': False, 'tempSuspendedSeries': ['N1', 'N4', 'U1', 'U4'], 'isETFSec': False, 'isDelisted': False, 'isin': 'INE733E01010', 'slb_isin': 'INE733E01010', 'listingDate': '2004-11-05', 'isMunicipalBond': False, 'isHybridSymbol': False, 'quotepreopenstatus': {'equityTime': '26-Mar-2025 16:00:00', 'preOpenTime': '26-Mar-2025 09:07:43', 'QuotePreOpenFlag': False}}",Large Cap
